"","carb","fat","protein","sodium"
"carb",1,0.397787238562498,0.904416373858614,0.603732199797099
"fat",0.397787238562498,1,0.629332391709077,0.337705073680307
"protein",0.904416373858614,0.629332391709077,1,0.553787515169358
"sodium",0.603732199797099,0.337705073680307,0.553787515169358,1
