"","lambda","sd"
"carb",0.303030303030303,0.323546436042623
"fat",0.141414141414141,0.464325512741352
"protein",0.141414141414141,0.316612639385793
"sodium",0.181818181818182,0.420221340027259
