"sex","age","sector"
"Female","Under 18",0.626739964429027
"Male","Under 18",0.624047373841401
"Female","Above 18",0.587936516771846
"Male","Above 18",0.583313018464474
